[
    {
        "id": 1,
        "img": "https://marvel-b1-cdn.bc0a.com/f00000000026007/resilienteducator.com/wp-content/uploads/2012/11/AdobeStock_60467600_cup.jpg",
        "name": "Math",
        "questions": [
            {
                "id": 1,
                "text": "8 ÷ 2(2 + 2)",
                "options": [
                    {
                        "id": 1,
                        "label": "A",
                        "text": "16",
                        "isCorrect": true
                    },
                    {
                        "id": 2,
                        "label": "B",
                        "text": "1",
                        "isCorrect": false
                    },
                    {
                        "id": 3,
                        "label": "C",
                        "text": "8",
                        "isCorrect": false
                    },
                    {
                        "id": 4,
                        "label": "D",
                        "text": "24",
                        "isCorrect": false
                    }
                ]
            },
            {
                "id": 2,
                "text": "sqrt(64) * 9",
                "options": [
                    {
                        "id": 1,
                        "label": "A",
                        "text": "4",
                        "isCorrect": false
                    },
                    {
                        "id": 2,
                        "label": "B",
                        "text": "81",
                        "isCorrect": false
                    },
                    {
                        "id": 3,
                        "label": "C",
                        "text": "72",
                        "isCorrect": true
                    },
                    {
                        "id": 4,
                        "label": "D",
                        "text": "144",
                        "isCorrect": false
                    }
                ]
            },
            {
                "id": 3,
                "text": "3 + 3 x 3 ÷ 3 - 3",
                "options": [
                    {
                        "id": 1,
                        "label": "A",
                        "text": "3",
                        "isCorrect": true
                    },
                    {
                        "id": 2,
                        "label": "B",
                        "text": "1",
                        "isCorrect": false
                    },
                    {
                        "id": 3,
                        "label": "C",
                        "text": "9",
                        "isCorrect": false
                    },
                    {
                        "id": 4,
                        "label": "D",
                        "text": "16",
                        "isCorrect": false
                    }
                ]
            }
        ]
    },
    {
        "id": 2,
        "img": "https://blogs.biomedcentral.com/on-biology/wp-content/uploads/sites/5/2017/12/DNA.png",
        "name": "Biology",
        "questions": [
            {
                "id": 1,
                "text": "The Kreb Cycles occurs in the",
                "options": [
                    {
                        "id": 1,
                        "label": "A",
                        "text": "Mitochondria",
                        "isCorrect": true
                    },
                    {
                        "id": 2,
                        "label": "B",
                        "text": "Nucleus",
                        "isCorrect": false
                    },
                    {
                        "id": 3,
                        "label": "C",
                        "text": "Rough ER",
                        "isCorrect": false
                    },
                    {
                        "id": 4,
                        "label": "D",
                        "text": "Cystol",
                        "isCorrect": false
                    }
                ]
            },
            {
                "id": 2,
                "text": "How many oxygen molecules can hemoglobin hold",
                "options": [
                    {
                        "id": 1,
                        "label": "A",
                        "text": "1",
                        "isCorrect": false
                    },
                    {
                        "id": 2,
                        "label": "B",
                        "text": "2",
                        "isCorrect": false
                    },
                    {
                        "id": 3,
                        "label": "C",
                        "text": "3",
                        "isCorrect": false
                    },
                    {
                        "id": 4,
                        "label": "D",
                        "text": "4",
                        "isCorrect": true
                    }
                ]
            },
            {
                "id": 3,
                "text": "The cones see ___ while the rods see ___",
                "options": [
                    {
                        "id": 1,
                        "label": "A",
                        "text": "black and white; color",
                        "isCorrect": false
                    },
                    {
                        "id": 2,
                        "label": "B",
                        "text": "color; black and white",
                        "isCorrect": true
                    },
                    {
                        "id": 3,
                        "label": "C",
                        "text": "3D objects; 2D shapes",
                        "isCorrect": false
                    },
                    {
                        "id": 4,
                        "label": "D",
                        "text": "2D shapes; 3D objects",
                        "isCorrect": false
                    }
                ]
            }
        ]
    },
    {
        "id": 3,
        "img": "http://jobs.newscientist.com/getasset/c40a5488-11be-43b0-843f-a2e6ef9f0612/",
        "name": "Chemistry",
        "questions": [
            {
                "id": 1,
                "text": "What is the composition of table salt",
                "options": [
                    {
                        "id": 1,
                        "label": "A",
                        "text": "NaCl",
                        "isCorrect": true
                    },
                    {
                        "id": 2,
                        "label": "B",
                        "text": "K2",
                        "isCorrect": false
                    },
                    {
                        "id": 3,
                        "label": "C",
                        "text": "NaCl2C4H7",
                        "isCorrect": false
                    },
                    {
                        "id": 4,
                        "label": "D",
                        "text": "CH4",
                        "isCorrect": false
                    }
                ]
            },
            {
                "id": 2,
                "text": "What is Potassium's chemical symbol",
                "options": [
                    {
                        "id": 1,
                        "label": "A",
                        "text": "P",
                        "isCorrect": false
                    },
                    {
                        "id": 2,
                        "label": "B",
                        "text": "Pt",
                        "isCorrect": false
                    },
                    {
                        "id": 3,
                        "label": "C",
                        "text": "Pts",
                        "isCorrect": false
                    },
                    {
                        "id": 4,
                        "label": "D",
                        "text": "K",
                        "isCorrect": true
                    }
                ]
            },
            {
                "id": 3,
                "text": "Which is not organinc",
                "options": [
                    {
                        "id": 1,
                        "label": "A",
                        "text": "CH4",
                        "isCorrect": false
                    },
                    {
                        "id": 2,
                        "label": "B",
                        "text": "NaCl",
                        "isCorrect": true
                    },
                    {
                        "id": 3,
                        "label": "C",
                        "text": "C2H6",
                        "isCorrect": false
                    },
                    {
                        "id": 4,
                        "label": "D",
                        "text": "C3H8",
                        "isCorrect": false
                    }
                ]
            }
        ]
    }
]